"NS_CAMP_ID","NS_HABI_ID","NS_ETAB_ID","NS_IMPL_ID"
1,1,5964,9227
2,2,5964,9221
4,4,5964,9221
5,5,5964,9221
6,6,5964,9221
7,8,5964,9221
8,10,5964,9225
9,11,5964,9233
10,12,5964,9233
11,13,5964,9233
12,14,5964,9233
13,15,5964,9233
14,16,5964,9233
15,17,5964,9233
16,18,5964,9233
17,19,5964,9233
18,20,5964,9227
19,21,5964,9232
20,22,5964,9233
23,23,5964,9226
24,25,5964,9233
32,34,5964,9221
35,37,5964,9729
39,43,95027,9271
40,44,95027,9271
41,45,95027,9271
42,46,95027,9271
47,51,95027,9275
48,52,95027,9275
49,54,85025,5372
50,55,85025,5372
51,56,85025,9261
52,57,85025,9261
53,58,85025,9261
54,59,85025,9261
55,60,85025,9261
56,61,85025,9261
57,62,85025,9261
58,63,85025,9261
59,64,85025,9261
60,65,85025,9261
61,66,85025,9261
62,67,85025,9261
63,68,85025,5372
64,68,85025,10493
65,69,85025,5372
66,70,85025,5372
67,71,85025,5372
68,72,85025,5372
69,73,85025,5372
70,73,85025,10493
71,74,85025,5372
72,75,85025,5372
73,76,85025,9262
74,77,85025,9262
75,77,85025,10493
76,78,85025,9262
77,79,85025,9262
78,80,85025,9262
79,81,85025,9262
80,83,21409,55
82,85,21409,55
83,86,21409,55
84,87,21409,55
85,88,21409,55
86,89,21409,55
87,92,21409,9088
89,93,21409,55
90,94,21409,55
91,95,21409,55
92,96,21409,55
93,98,21409,55
94,99,21409,55
95,100,21409,55
96,101,21409,55
97,108,5964,9231
98,109,5224,10525
99,110,5224,10525
101,112,5224,10525
102,113,5224,10525
103,114,5224,10525
104,115,5224,10525
105,116,5224,10525
106,117,5224,10525
107,118,5224,10525
108,119,5224,10525
109,120,5224,10525
110,121,5224,10525
111,122,5224,10525
112,123,5224,10525
113,124,5224,10525
114,125,5224,10525
115,126,5224,10525
116,127,5224,10525
117,128,5224,10525
118,129,5224,10525
119,130,5224,10525
120,131,5224,10525
121,132,5224,10525
122,133,5224,10525
123,134,5224,10525
124,135,5224,10525
125,136,5224,10525
126,137,5224,10525
127,138,5224,10525
128,139,5224,10525
129,140,5224,10525
130,141,5224,10525
131,142,5224,10525
132,143,5224,10525
133,144,5224,10525
134,145,5224,10525
135,146,5224,10525
136,147,5224,10525
137,148,5224,10525
138,149,5224,10525
139,150,5224,10525
140,151,5224,10525
142,152,5224,10525
144,153,5224,10525
146,154,5224,10525
147,155,5224,8731
148,156,5224,8731
149,157,5224,10525
150,158,5224,10525
152,159,5224,10525
154,160,5224,10525
156,161,5224,10525
158,162,5224,10525
159,163,5224,10525
160,164,5224,8731
161,165,5224,10525
162,166,5224,8731
163,167,5224,10525
166,168,5224,10525
168,169,5224,8731
169,170,5224,10525
170,171,5224,10525
171,172,5224,10525
172,173,5224,10525
173,174,5224,10525
174,175,5224,10525
175,176,5224,10525
176,177,5224,10525
177,178,5224,10525
178,179,5224,10525
180,181,5224,10525
181,182,5224,10525
182,183,5224,10525
183,184,5224,10525
184,185,5224,10525
185,186,5224,10525
186,187,5224,8731
188,188,5224,10525
189,189,5224,10525
190,190,5224,10525
191,191,5224,8731
192,192,5224,10525
194,193,5224,10505
196,194,5224,10525
198,195,5224,10525
199,196,5224,8731
200,197,5224,10525
201,198,5224,10525
202,199,5224,10525
203,200,5224,10525
204,201,5224,10525
205,202,5224,10525
206,203,5224,10525
207,204,5224,9018
208,205,5224,9018
209,206,5224,9018
210,207,5224,9018
212,209,5224,9018
213,210,5224,9018
214,211,5224,9018
215,212,5224,9018
216,213,5224,9018
217,214,5224,9018
218,215,5224,9018
219,216,5224,9018
220,217,5224,9018
221,218,5224,9018
222,219,5224,9018
223,220,5224,9018
224,221,5224,9018
225,222,5224,9018
226,223,5224,9018
227,224,5224,9018
228,225,5224,9018
229,226,5224,9018
230,227,5224,9018
231,228,5224,9018
232,229,5224,9018
233,230,5224,9018
234,231,5224,9018
235,232,5224,9018
236,233,5224,9018
237,234,5224,9018
238,235,5224,9018
239,236,5224,9018
240,237,5224,9018
241,238,5224,9018
243,240,5224,9018
244,241,5224,9018
245,242,5224,9018
246,243,5224,9018
247,244,5224,9018
248,245,5224,9018
249,246,5224,9018
250,247,5224,9018
251,248,5224,9018
253,250,5224,9018
254,251,5224,9018
255,252,5224,10525
256,253,5224,10525
257,254,5224,10525
258,255,5224,10525
259,256,5224,10525
260,257,5224,10525
261,258,5224,10525
262,259,5224,10525
263,260,5224,10525
264,261,5224,10525
265,262,5224,10525
266,263,5224,10525
267,264,5224,10525
268,265,5224,10525
269,266,5224,10525
270,267,5224,10525
271,268,5224,10525
272,269,5224,10525
273,270,5224,10525
274,271,5224,10525
275,272,5224,10525
276,273,5224,10525
277,274,5224,10525
278,275,5224,10525
279,276,5224,10525
280,277,5224,10525
281,278,5224,10525
282,279,5224,10525
283,280,5224,10525
284,281,5224,10525
285,282,5224,10525
286,283,5224,10525
287,284,5224,10525
288,285,5224,10525
289,286,5224,10525
290,287,5224,10525
291,288,5224,10525
292,289,5224,10525
293,290,5224,10525
294,291,5224,10525
295,292,5224,10525
296,293,5224,10525
297,294,5224,10525
298,295,5224,10525
299,296,5224,10525
300,297,5224,10525
301,298,5224,10525
302,299,5224,10525
303,300,5224,10525
304,301,5224,10525
305,302,5224,10525
306,303,5224,10525
308,304,5224,10504
310,305,5224,10504
311,306,5224,10525
312,307,5224,10525
313,308,5224,10525
314,309,5224,10525
315,310,5224,10525
316,311,5224,8731
318,313,5224,8731
319,314,5224,10505
320,315,5224,10505
321,316,5224,10525
322,317,5223,8725
323,318,5223,8725
324,319,5223,8725
325,320,5223,8725
326,321,5223,8725
327,322,5223,8725
328,323,5223,8725
329,324,5223,8725
330,325,5223,8725
331,326,5223,8725
332,327,5223,8725
333,328,5223,8725
334,329,5223,8725
335,330,5223,8725
336,331,5223,8725
337,332,5223,10500
338,333,5223,10500
339,334,5223,10500
340,335,5223,8725
341,336,5223,8725
342,337,5223,8725
343,338,5223,8725
344,339,5223,8725
345,340,5223,8725
346,341,5223,8725
347,342,5223,8725
348,343,5223,8725
349,344,5223,8725
350,345,5223,8725
351,346,5223,8725
352,348,5223,8725
353,349,5223,8725
355,351,5223,8725
356,352,5223,8725
357,353,5223,8725
358,354,5223,8725
359,355,5223,8725
360,356,5223,8725
361,357,5223,8725
362,358,5223,8725
363,359,5223,8725
364,360,5223,8725
365,361,5223,8725
366,362,5223,8725
367,363,5223,8725
368,364,5223,8725
369,365,5223,10502
370,365,5223,8725
371,366,5223,8725
372,367,5223,8725
373,368,5223,10502
374,369,5223,8725
375,370,5223,8725
376,371,5223,8725
377,372,5223,8725
378,373,5223,8725
379,374,5223,8725
380,375,5223,8725
381,376,5223,8725
382,377,5223,8725
383,378,5223,8725
384,379,5223,8725
385,380,5223,8725
386,381,5223,8725
387,382,5223,8725
388,383,5223,8725
389,384,5223,8725
390,385,5223,8725
391,386,5223,8725
392,387,5223,8725
394,389,5223,8725
395,390,5223,8725
396,391,5223,8725
397,392,5223,8725
398,393,5223,8725
399,394,5223,8725
400,394,5223,9037
401,395,5223,8725
402,396,5223,9037
403,397,5223,9037
404,398,5223,9037
405,399,5223,9037
406,400,5223,9037
407,401,5223,9037
408,402,5223,9037
409,403,5223,9037
410,404,5223,9037
411,406,5223,9037
412,407,5223,9037
413,408,5223,9037
414,409,5223,9037
415,410,5223,9037
416,411,5223,9037
417,412,5223,9037
418,414,5223,9037
419,415,5223,9037
420,416,5223,9037
421,417,5223,9037
422,418,5223,9037
423,419,5223,9037
424,420,5223,9037
425,421,5223,9037
426,422,5223,9037
427,423,5223,9037
428,424,5223,9037
429,425,5223,9037
430,427,5223,9037
431,428,5223,9037
432,429,5223,9037
433,430,5223,9037
434,431,5223,9037
435,432,5223,9037
436,433,5223,9037
437,434,5223,9037
438,435,5223,9037
439,436,5223,9037
440,437,5223,9037
441,438,5223,9037
442,439,5223,9037
443,440,5223,9037
444,441,5223,9037
445,442,5223,9032
446,443,5223,9032
447,444,5223,9037
448,445,5223,9037
449,446,5223,9037
450,447,5223,9037
451,448,5223,9037
452,449,5223,9037
453,450,5223,9037
454,451,5223,9037
455,452,5223,9037
456,453,5223,9032
457,453,5223,8725
458,454,5223,10501
459,454,5223,8725
460,454,5223,9032
461,455,5223,9032
462,455,5223,10501
463,455,5223,8725
464,456,5223,10501
465,456,5223,8725
466,456,5223,9032
467,457,5223,9032
469,457,5223,8725
470,458,5223,8725
471,458,5223,9032
472,459,5223,9032
473,459,5223,8725
475,460,5223,9032
476,461,5223,9032
477,461,5223,8725
478,462,5223,8725
479,462,5223,9032
480,464,5223,9032
481,464,5223,8725
482,465,5223,8725
483,465,5223,9032
484,466,5223,9032
486,467,5223,8725
487,467,5223,9032
488,468,5223,9032
489,468,5223,8725
490,469,5223,8725
491,469,5223,9032
492,470,5223,9032
493,470,5223,8725
494,471,5223,8725
495,471,5223,9032
496,472,5223,9032
497,472,5223,8725
498,473,5223,8725
499,473,5223,9032
500,474,5223,9032
501,474,5223,8725
502,475,5223,8725
503,475,5223,9032
504,476,5223,9032
505,476,5223,8725
506,477,5223,8725
507,477,5223,9032
508,478,5223,9032
509,478,5223,8725
510,479,5223,9032
511,480,5223,9032
512,481,5223,9032
513,482,5223,8725
514,483,5223,8725
515,484,5223,8725
516,485,5223,8725
517,486,5223,8725
518,487,5223,8725
519,488,5223,8725
520,489,5223,8725
521,490,5223,8725
522,491,5223,8725
523,492,5223,9906
524,492,5223,8725
525,493,5223,8725
526,493,5223,9906
527,494,5223,8725
528,495,5223,8725
529,496,5223,9906
530,496,5223,8725
531,497,5223,8725
532,498,5231,8733
533,499,5231,8733
534,500,5231,8733
535,501,5231,8733
536,502,5231,8733
537,503,5231,8733
538,504,5231,8733
539,505,5231,8733
540,506,5231,8733
541,507,5231,8733
542,508,5231,8733
543,509,5231,8733
544,510,5231,10498
545,511,5231,10498
546,512,5231,10498
547,513,5231,8733
548,514,5231,8733
549,515,5231,8733
550,516,5231,8733
551,517,5231,10498
552,518,5231,10498
553,519,5231,8733
554,520,5231,8733
555,521,5231,8733
556,522,5231,8733
557,523,5231,8733
558,524,5231,8733
559,525,5231,8733
560,526,5231,8733
561,527,5231,8733
562,528,5231,8733
563,529,5231,8733
564,530,5231,8733
565,531,5231,8733
566,532,5231,8733
567,533,5231,8733
568,534,5231,8733
569,535,5231,8733
570,536,5231,8733
571,537,5231,8733
572,538,5231,8733
573,539,5231,10498
574,540,5231,10498
575,541,5231,8733
576,542,5231,8733
577,543,5231,8733
578,544,5231,8733
579,545,5231,8733
580,546,5231,8733
581,547,5231,8733
582,548,5231,10498
583,549,5231,10498
585,551,5231,8733
586,552,5231,8733
587,553,5231,8733
588,554,5231,8733
589,555,5226,8728
590,556,5226,8728
591,557,5226,8728
592,558,5226,8728
593,559,5226,8728
594,560,5226,8728
595,561,5226,8728
596,562,5226,8728
597,563,5226,8728
598,564,5226,8728
599,565,5226,8728
600,566,5226,8728
601,567,5226,8728
602,568,5226,8728
603,569,5226,8728
604,570,5226,8728
605,571,5226,8728
606,572,5226,8728
607,573,5226,8728
608,574,5226,8728
609,575,5226,8728
610,576,5226,8728
611,577,5226,8728
612,578,5226,8728
613,579,5226,8728
614,580,5226,8728
615,581,5226,8728
616,582,5226,8728
617,583,5226,8728
618,584,5226,8728
619,585,5226,8728
620,586,5226,8728
621,587,5226,8728
622,588,5226,8728
623,589,5226,8728
624,590,5226,8728
625,591,5226,8728
626,592,5226,8728
627,593,5226,8728
628,594,5226,8728
629,595,5226,8728
630,596,5226,8728
631,597,5226,8728
632,598,5226,8728
633,599,5226,8728
634,600,5226,8728
635,601,5226,8728
636,602,5226,8728
637,603,5220,8722
638,604,5220,8722
639,605,5220,8722
641,608,5220,8722
642,609,5220,8722
643,610,5220,8722
644,611,5220,8722
645,612,5220,8722
646,613,5220,8722
647,614,5220,8722
648,615,5220,8722
649,616,5220,8722
650,617,5220,8722
651,618,5220,8722
652,619,5220,8722
653,620,5220,8722
654,621,5220,8722
655,622,5220,8722
656,623,5220,8722
657,624,5220,8722
658,625,5220,8722
659,626,5220,8722
660,627,5220,8722
661,628,5220,8722
662,629,5220,8722
663,630,5220,8722
664,631,5225,8727
665,632,5225,8727
666,633,5225,8727
667,634,5225,8727
668,635,5225,8727
669,636,5225,8727
670,637,5225,8727
671,638,5225,8727
672,639,5225,8727
673,640,5225,8727
674,641,5225,8727
675,642,5225,8727
676,643,5225,8727
677,644,5225,8727
678,645,5225,8727
679,646,5225,8727
680,647,5225,8727
681,648,5225,8727
682,649,5225,8727
683,650,5225,8727
684,651,5225,8727
685,652,5225,8727
686,653,5225,8727
687,654,5225,8727
688,655,5225,8727
689,656,5225,8727
690,657,5225,8727
691,658,5225,8727
692,659,5225,8727
693,660,5225,8727
694,661,5225,8727
695,662,5225,8727
696,663,5225,8727
697,664,5225,8727
698,665,5225,8727
699,666,5225,8727
700,667,5225,8727
701,668,5225,10499
702,668,5225,8727
703,669,5225,10499
704,670,5225,10499
705,671,5225,10499
706,672,5225,10499
707,673,5225,10499
708,674,5225,10499
709,675,5225,10499
710,676,5225,10499
711,677,5225,10499
712,678,5225,10499
713,679,5225,10499
714,680,5225,10499
715,681,5225,10499
716,682,5225,10499
717,683,5225,10499
718,684,5225,10499
719,685,5225,10499
720,685,5225,8727
721,686,5225,10499
722,687,5225,8727
723,688,5225,8727
724,689,5225,8727
725,690,5225,8727
726,691,5225,8727
727,692,5225,8727
728,693,5225,8727
729,694,5225,8727
730,695,5225,8727
731,696,5225,8727
732,697,5225,8727
733,698,5225,8727
734,699,5225,10499
735,700,5225,10499
736,701,5225,10499
737,702,5225,10499
738,703,5225,10499
739,704,5225,10499
740,705,5225,10499
741,706,5225,10499
742,707,5225,10499
743,708,5225,10499
744,709,5225,10499
745,710,5225,10499
746,711,5225,10499
747,712,5225,10499
748,713,5225,10499
749,714,5225,10499
750,715,5225,10499
751,716,5225,10499
752,717,5225,10499
753,718,5225,10499
754,719,5225,10499
755,720,5225,10499
756,721,5225,10499
757,722,5225,10499
758,723,5225,10499
759,724,5225,10499
760,725,5225,10499
761,726,5225,10499
762,727,5225,10499
763,728,5225,10499
764,729,5225,10499
765,730,5225,10499
766,731,5225,10499
767,732,5225,10499
768,733,5225,10499
769,734,5225,10499
770,735,5225,10499
771,736,5225,10499
772,737,5225,10499
773,738,5225,10499
774,739,5225,10499
775,740,5225,10499
776,741,5225,10499
777,742,5225,10499
778,743,5225,10499
779,744,5225,10499
780,745,5225,10499
781,746,5225,10499
782,747,5225,10499
783,748,5225,10499
784,749,5225,10499
785,750,5225,10499
786,751,5225,10499
787,752,5225,10499
788,753,5225,10499
789,754,5225,10499
790,755,5225,10499
791,756,5225,10499
792,757,5225,10499
793,758,5225,10499
794,759,5225,10499
795,760,5225,10499
796,761,5225,10499
797,762,5225,10499
798,763,5225,10499
799,764,5225,10499
800,765,5225,10499
801,766,5225,10499
802,767,5225,10499
803,768,5225,10499
804,769,5225,10499
805,770,5225,10499
806,771,5225,10499
807,772,5225,10499
808,773,5225,10499
809,774,5225,10499
810,775,5225,10499
811,776,5225,10499
812,777,5225,10499
813,778,5225,10499
814,779,5225,10499
815,780,5225,10499
816,781,5225,10499
817,782,5225,9074
818,783,5225,9074
819,784,5225,10499
820,785,5225,10499
821,786,5225,10499
822,787,5225,10499
823,788,5225,10499
824,789,5225,10499
825,790,5225,10499
826,791,5225,10499
827,792,5225,10499
828,793,5225,10499
829,794,5225,9074
830,795,5225,9074
831,796,5225,8729
832,797,5225,8729
833,798,5225,8729
834,799,5225,8729
835,800,5225,8729
836,801,5225,10499
837,802,5225,10499
838,803,5225,10499
839,804,5225,10499
840,805,5225,10499
841,806,5225,10499
842,807,5225,10499
843,808,5225,10499
844,809,5225,10499
845,810,5225,10499
846,811,5225,10499
847,812,5225,10499
848,813,5225,10499
849,814,5225,10499
850,815,5225,10499
851,816,5225,10499
852,817,5225,10499
853,818,5225,8727
854,819,5225,8727
855,820,5225,10499
856,821,5225,10499
857,822,5225,10499
858,823,5225,8727
859,824,5759,4279
860,825,5759,4279
861,826,5759,4279
862,827,5759,4279
863,828,5759,9249
864,829,5759,4279
865,830,5759,4279
866,831,5759,4279
867,832,5759,4279
868,833,5759,4279
869,834,5759,4279
870,835,5759,9248
871,836,5759,4279
872,837,5759,4279
873,838,5759,9247
874,839,5759,9247
876,841,5759,4279
877,842,5759,9247
878,843,5759,9247
879,844,5759,9247
880,845,5759,9247
883,846,5759,9245
885,847,5759,9245
887,848,5759,9247
888,849,5759,9247
889,850,5759,9247
890,851,5759,9247
891,852,5759,9247
892,853,5759,9247
893,854,5759,9247
894,855,5759,9247
895,856,5759,9247
896,857,5759,9247
897,858,5759,9247
898,859,5759,9247
899,860,5759,8189
900,861,5759,8189
901,862,5759,8189
902,863,5759,8189
903,864,5759,9250
904,865,5759,9250
905,866,5759,9250
906,867,5759,9250
907,868,5759,9250
908,869,5759,9253
909,870,5759,9253
910,871,5759,9254
912,873,5759,8189
913,874,5759,9253
914,875,5759,9253
915,876,5759,9253
916,877,5759,9253
917,878,5759,9253
918,879,5759,9253
919,880,5759,9253
920,881,5759,9253
921,883,21008,259
922,884,21008,259
923,885,21008,259
924,886,21008,259
925,887,21008,259
926,888,21008,259
927,889,21008,259
928,890,21008,259
929,891,21008,259
930,892,21008,259
932,894,21008,259
934,896,21008,259
935,897,21008,207
936,898,21008,207
937,899,21008,207
938,900,21008,207
939,901,21008,207
940,902,21008,207
941,903,21008,207
942,904,21008,207
943,905,21008,207
944,906,21008,207
945,907,21008,207
947,909,21008,230
948,910,21008,230
949,911,21008,230
950,912,21008,230
951,913,21008,230
952,914,21008,230
953,915,21008,224
954,916,21008,224
955,917,21008,224
956,918,21008,224
957,919,21008,224
958,920,21008,224
959,921,21008,224
960,922,22003,304
961,923,22003,304
962,924,22003,304
963,925,22003,343
964,926,22003,343
965,927,22003,10491
966,928,22003,10491
967,929,22003,10491
968,930,22003,10491
969,931,22003,10491
970,932,22003,10491
971,933,22003,10491
972,934,22003,10491
973,935,22003,10491
974,936,22003,10491
975,937,22003,10491
976,938,22003,10491
977,939,22003,10491
978,940,22003,10491
979,941,22003,10491
980,986,22005,9116
981,987,22005,9116
982,988,22005,9116
983,989,22005,9116
984,990,22005,9116
985,991,22005,9118
986,992,22005,9117
987,993,22005,9118
988,994,23007,9648
989,995,23007,9648
991,997,23007,9648
992,998,23007,9648
993,999,23007,9648
994,1000,23007,9648
995,1001,23007,9648
996,1002,23007,9648
997,1003,23007,9648
998,1004,23007,9648
999,1005,23007,9648
1000,1006,23007,9648
1001,1007,23007,9648
1003,1009,23007,10492
1004,1010,23007,10492
1005,1011,23007,10492
1006,1012,55010,10513
1012,1036,61021,9239
1013,1037,61021,9239
1014,1038,61021,9239
1015,1039,61021,9239
1016,1040,61021,9239
1017,1041,61021,9239
1018,1042,61021,3934
1019,1043,61021,9239
1020,1044,61021,3934
1021,1045,61021,9242
1022,1046,61021,9241
1023,1046,61021,10496
1024,1046,61021,9243
1025,1047,61021,9243
1026,1047,61021,9241
1027,1048,61021,9241
1028,1048,61021,9243
1029,1049,61021,9243
1030,1050,61021,9242
1031,1051,94030,8861
1032,1052,94030,8861
1033,1053,94030,8861
1034,1054,94030,5944
1035,1055,94030,5944
1042,1062,94030,8863
1043,1063,94030,8863
1044,1064,94030,8863
1045,1065,94030,8863
1046,1066,95064,1781
1047,1067,95064,1781
1048,1068,95064,1781
1049,1069,95064,1781
1050,1070,95064,2353
1051,1071,95064,9205
1054,1072,95064,2353
1055,1073,95064,9205
1057,1074,95064,2353
1059,1075,95064,10494
1060,1076,95064,10495
1062,1077,95064,2695
1063,1078,95064,2353
1065,1080,95064,2353
1066,1081,95064,2353
1067,1082,95064,2353
1068,1083,95064,9202
1069,1084,95064,2353
1070,1085,95064,2353
1071,1086,95064,2353
1072,1087,95064,2353
1073,1088,95064,2353
1074,1089,95064,2353
1075,1090,95064,2353
1076,1091,95064,2353
1077,1092,95064,2353
1078,1093,95064,2353
1079,1094,95064,1781
1080,1095,95064,2353
1083,1096,95064,1781
1084,1097,95064,10495
1086,1099,95064,3388
1087,1100,95064,9206
1091,1101,95064,2353
1092,1102,95064,2353
1095,1103,95064,2353
1096,1104,95064,2353
1097,1105,95064,2353
1099,1106,95064,3388
1100,1107,95064,9206
1101,1108,95064,3388
1103,1109,95064,3388
1104,1110,95064,3388
1107,1111,95064,2353
1108,1112,95064,3388
1109,1113,95064,1393
1110,1114,95064,1393
1111,1115,95064,1393
1112,1116,95064,1393
1113,1117,95064,1393
1114,1118,95064,1393
1115,1119,95064,1393
1116,1120,95064,1393
1117,1121,95064,1393
1118,1122,95064,1393
1119,1123,95064,9205
1120,1124,95064,9205
1121,1125,95064,9205
1122,1126,95064,1393
1123,1127,95064,1393
1124,1128,95064,1393
1125,1129,95064,9205
1126,1130,95064,9205
1129,1131,95064,1393
1130,1132,95064,9205
1131,1133,95064,3388
1132,1134,95064,1393
1133,1135,95064,9205
1134,1136,95064,3388
1135,1137,95064,10495
1136,1138,95274,7299
1137,1139,95274,7299
1138,1140,95274,7299
1139,1141,95274,7299
1140,1142,95274,7299
1141,1143,95274,7299
1142,1144,95274,9264
1145,1145,95274,9264
1146,1146,95274,9264
1149,1147,95274,9264
1150,1148,95274,9264
1153,1149,95274,9264
1154,1150,95274,9264
1157,1151,95274,9264
1158,1152,95274,9264
1161,1153,95274,9277
1162,1154,95274,9279
1163,1155,95274,9279
1164,1156,95274,9279
1165,1157,95274,9265
1166,1158,95274,9265
1167,1159,95274,9265
1168,1160,95274,5945
1169,1161,95274,5945
1170,1162,95274,5945
1171,1163,95274,5945
1172,1164,95274,5945
1173,1165,95274,5945
1174,1166,95274,5945
1175,1167,95274,10487
1176,1168,95274,10487
1179,1169,95274,10487
1180,1170,95274,10488
1181,1171,95274,10488
1182,1172,95274,10488
1183,1173,95493,9115
1184,1174,95493,9115
1186,1176,95493,9115
1187,1177,95493,9115
1188,1178,95493,9113
1189,1179,95493,9113
1190,1180,95493,9114
1191,1181,95493,893
1194,1182,95493,893
1195,1183,95493,893
1198,1184,95493,893
1199,1185,95493,893
1202,1186,95493,893
1203,1187,95493,893
1206,1188,95493,893
1207,1189,95493,893
1208,1190,95493,893
1209,1191,95493,893
1210,1192,95493,893
1212,1193,95493,893
1214,1195,95493,9109
1215,1196,95493,9109
1216,1197,95493,7298
1217,1198,95493,7298
1218,1199,95493,7298
1219,1200,95493,7298
1220,1201,95493,9903
1221,1202,95493,9111
1222,1203,95493,9903
1223,1204,95493,9111
1224,1205,95493,9111
1225,1206,95493,9111
1226,1207,95493,9903
1227,1208,5384,8945
1228,1211,5225,8727
1231,1212,181,8100
1232,1213,181,8100
1234,1214,181,8100
1238,1215,181,8100
1241,1216,181,8100
1242,1217,181,8100
1245,1218,181,8100
1248,1219,181,8100
1251,1220,181,8100
1252,1221,181,8100
1254,1222,181,8100
1258,1223,181,8100
1261,1224,181,8100
1262,1225,181,8100
1265,1226,181,8100
1268,1227,181,8100
1271,1228,181,8100
1272,1229,181,8100
1274,1230,181,8100
1278,1231,181,8100
1281,1232,181,8100
1282,1233,181,8100
1285,1234,181,8100
1288,1235,181,8100
1291,1236,181,8100
1292,1237,181,8100
1294,1238,181,8100
1298,1239,181,8100
1301,1240,181,8100
1302,1241,181,8100
1305,1242,181,8100
1308,1243,181,8100
1311,1244,181,8100
1312,1245,181,8100
1314,1246,181,8100
1316,1247,381,10515
1317,1248,381,10515
1318,1249,381,10515
1319,1250,381,10515
1320,1251,381,10515
1321,1252,381,10515
1322,1253,381,10515
1323,1254,381,10515
1324,1255,381,10515
1325,1256,381,10515
1326,1257,381,10515
1327,1258,1716,8087
1328,1259,1716,8087
1329,1260,1716,8087
1330,1261,1716,8087
1331,1262,1716,8087
1332,1263,1716,8087
1333,1264,1716,8087
1334,1265,1716,8087
1335,1266,1716,8087
1336,1267,1716,8087
1337,1268,1716,8087
1338,1269,1716,8087
1339,1270,1716,8087
1340,1271,1716,8087
1341,1272,1716,8087
1342,1273,1716,8087
1343,1274,1716,8087
1344,1275,1716,8087
1345,1276,1716,8087
1346,1277,1716,8087
1347,1278,1716,8087
1348,1279,1716,8087
1349,1280,1716,8087
1350,1281,1716,8087
1351,1282,1716,8087
1352,1283,1716,8087
1353,1284,2016,7247
1354,1285,2016,7247
1355,1286,2016,7247
1356,1287,2016,7247
1357,1288,2016,7247
1358,1289,2016,7247
1359,1290,2016,7247
1360,1291,2016,7247
1361,1292,2016,7247
1362,1293,2016,7247
1363,1294,2016,7247
1364,1295,2016,7247
1365,1296,2016,7247
1366,1297,2016,7247
1367,1298,2016,7247
1368,1299,2064,4142
1369,1300,2064,4142
1370,1301,2064,4142
1371,1302,2064,4142
1372,1303,2064,4142
1373,1304,2064,4142
1374,1305,2064,4142
1375,1306,2064,4142
1376,1307,2064,4142
1377,1308,2064,4142
1378,1309,2064,4142
1379,1310,2064,4142
1380,1311,2064,4142
1381,1312,2064,4142
1382,1313,2064,4142
1383,1314,2064,4142
1384,1315,2064,4142
1385,1316,2064,4142
1386,1317,2064,4142
1387,1318,2064,4142
1388,1319,2064,4142
1389,1320,2064,4142
1390,1321,2064,4142
1391,1322,2064,4142
1392,1323,3017,7945
1393,1324,3017,7945
1394,1325,3017,7945
1395,1326,3017,7945
1396,1327,3017,7945
1397,1328,3017,7945
1398,1329,3017,7945
1399,1330,3017,7945
1400,1331,3017,7945
1401,1332,3017,7945
1402,1333,3017,7945
1403,1334,3017,7945
1404,1335,3017,7945
1405,1336,3017,7945
1406,1337,3017,7945
1407,1338,3017,7945
1408,1339,3017,7945
1409,1340,3017,7945
1410,1341,3017,7945
1411,1342,3017,7945
1412,1343,3017,7945
1413,1344,3017,7945
1414,1345,3017,7945
1415,1346,3017,7945
1416,1347,3017,7945
1417,1348,3017,7945
1418,1349,3017,7945
1419,1350,3017,7945
1420,1351,3017,7945
1421,1352,3017,7945
1422,1353,3017,7945
1423,1354,3017,7945
1424,1355,3017,7945
1425,1356,3017,7945
1426,1357,3017,7945
1427,1358,3017,7945
1428,1359,3017,7945
1429,1360,3017,7945
1430,1361,3017,7945
1431,1362,3017,7945
1432,1363,3017,7945
1433,1364,3017,7945
1434,1365,3017,7945
1435,1366,3017,7945
1436,1367,3017,7945
1437,1368,3017,7945
1438,1369,3017,7945
1439,1370,3017,7945
1440,1371,3017,7945
1441,1372,3017,7945
1442,1373,3017,7945
1443,1374,3017,7945
1444,1375,3017,7945
1445,1376,3017,7945
1446,1377,3017,7945
1447,1378,3017,7945
1448,1379,3017,7945
1449,1380,3017,7945
1450,1381,3017,7945
1451,1382,3017,7945
1452,1383,3017,7945
1453,1384,3017,7945
1454,1385,3017,7945
1455,1386,3017,7945
1456,1387,3017,7945
1457,1388,3017,7945
1458,1389,3017,7945
1459,1390,3017,7945
1460,1391,3017,7945
1461,1392,3017,7945
1462,1393,3017,7945
1463,1394,3017,7945
1464,1395,3017,7945
1465,1396,3017,7945
1466,1397,3017,7945
1467,1398,3017,7945
1468,1399,95309,9151
1469,1400,95309,9151
1470,1401,95309,9151
1471,1402,95309,9151
1472,1403,95309,9151
1473,1404,95309,9151
1474,1405,95309,9151
1475,1406,95309,9151
1476,1407,95309,9151
1478,1409,95309,9151
1479,1410,95309,9151
1480,1411,95309,9151
1481,1412,95309,9151
1482,1413,95309,9151
1483,1414,95309,9151
1484,1415,95309,2416
1485,1416,95309,2416
1486,1417,95309,2416
1487,1418,95309,2416
1488,1419,95309,2416
1489,1420,95309,2416
1490,1421,95309,2416
1491,1422,95309,2416
1492,1423,95309,2416
1493,1424,95309,2416
1494,1425,95309,2416
1495,1426,95309,2416
1496,1427,95309,2416
1497,1428,95309,2416
1498,1429,95309,2416
1499,1430,95309,2416
1500,1431,95309,2416
1501,1432,95309,2416
1502,1433,95309,2416
1503,1434,95309,2416
1504,1435,95309,2416
1505,1436,95309,2416
1506,1437,95309,2416
1507,1438,95309,2416
1508,1439,95309,2416
1509,1440,95309,2416
1510,1441,95309,2416
1511,1442,95309,2416
1512,1443,95309,2416
1513,1444,95309,2416
1514,1445,95309,2416
1515,1446,95309,2416
1516,1447,95309,2416
1517,1448,95309,2416
1518,1449,95309,2416
1519,1450,95309,2416
1520,1451,95309,2416
1521,1452,95309,2416
1522,1453,95309,2416
1523,1454,95309,2416
1524,1455,95309,2416
1525,1456,95309,2416
1526,1457,95309,2416
1527,1458,95309,2416
1528,1459,95309,2416
1529,1460,95309,2416
1530,1461,95309,2416
1531,1462,95309,2416
1532,1463,95309,9151
1533,1464,95309,9151
1534,1465,5409,9064
1535,1466,5409,9064
1536,1467,5409,9064
1537,1468,5409,9064
1538,1469,5409,9064
1539,1470,5409,9064
1540,1471,5409,9064
1541,1472,5409,9064
1542,1473,5409,9064
1543,1474,5409,9064
1544,1475,5409,9064
1545,1476,5409,9064
1546,1477,5409,9064
1547,1478,5409,9064
1548,1479,5409,9064
1549,1480,5409,9064
1550,1481,5409,9064
1551,1482,5409,9064
1552,1483,5409,9064
1553,1484,5409,9064
1554,1485,5409,9064
1555,1486,5409,9064
1556,1487,5409,9064
1557,1488,5409,9064
1558,1489,5409,9064
1559,1490,5409,9064
1560,1491,5409,9064
1561,1492,5409,9064
1562,1493,5409,9064
1563,1494,5409,9064
1564,1495,5409,9064
1565,1496,5409,9064
1566,1497,5409,9064
1567,1498,5409,9064
1568,1499,5409,9064
1569,1500,5409,9064
1570,1501,5409,9064
1571,1502,5409,9064
1572,1503,5409,9064
1573,1504,5409,9064
1574,1505,5409,9064
1575,1506,5409,9064
1576,1507,5409,9064
1577,1508,5409,9064
1578,1509,5409,9064
1579,1510,5409,9064
1580,1511,5409,9064
1581,1512,5409,9064
1582,1513,5409,9064
1583,1514,9381,724
1584,1514,9381,10514
1585,1515,9381,10514
1586,1515,9381,6895
1587,1515,9381,724
1588,1516,9381,724
1589,1516,9381,10514
1590,1516,9381,6895
1591,1517,9381,10514
1592,1517,9381,724
1593,1518,9381,724
1594,1518,9381,6895
1595,1518,9381,10514
1596,1519,9381,6895
1597,1519,9381,10514
1598,1519,9381,724
1599,1520,9381,724
1600,1520,9381,10514
1601,1521,9381,10514
1602,1521,9381,6895
1603,1521,9381,724
1604,1522,9381,724
1605,1522,9381,10514
1606,1522,9381,6895
1607,1523,9381,10514
1608,1523,9381,724
1609,1524,9381,724
1610,1524,9381,6895
1611,1524,9381,10514
1612,1525,9381,6895
1613,1525,9381,10514
1614,1525,9381,724
1615,1526,9381,724
1616,1526,9381,10514
1617,1527,9381,10514
1618,1527,9381,6895
1619,1527,9381,724
1620,1528,9381,724
1621,1528,9381,10514
1622,1528,9381,6895
1623,1529,9381,10514
1624,1529,9381,724
1625,1530,9381,724
1626,1530,9381,6895
1627,1530,9381,10514
1628,1531,9381,6895
1629,1531,9381,10514
1630,1531,9381,724
1631,1532,9381,724
1632,1532,9381,6895
1633,1532,9381,10514
1634,1533,9381,6895
1635,1533,9381,10514
1636,1533,9381,724
1637,1534,9381,724
1638,1534,9381,6895
1639,1534,9381,10514
1640,1535,9381,6895
1641,1535,9381,10514
1642,1535,9381,724
1643,1536,9381,724
1644,1536,9381,6895
1645,1536,9381,10514
1646,1537,9381,6895
1647,1537,9381,10514
1648,1537,9381,724
1649,1538,9381,724
1650,1538,9381,6895
1651,1538,9381,10514
1652,1539,9381,6895
1653,1539,9381,10514
1654,1539,9381,724
1655,1540,9381,724
1656,1540,9381,6895
1657,1540,9381,10514
1658,1541,9381,6895
1659,1541,9381,10514
1660,1541,9381,724
1661,1542,9381,724
1662,1542,9381,6895
1663,1542,9381,10514
1664,1543,9381,6895
1665,1543,9381,10514
1666,1543,9381,724
1667,1544,9381,724
1668,1544,9381,6895
1669,1544,9381,10514
1670,1545,9381,6895
1671,1545,9381,10514
1672,1545,9381,724
1673,1546,9381,724
1674,1546,9381,6895
1675,1546,9381,10514
1676,1547,9381,6895
1677,1547,9381,10514
1678,1547,9381,724
1679,1548,9381,724
1680,1548,9381,6895
1681,1548,9381,10514
1682,1549,9381,6895
1683,1549,9381,10514
1684,1549,9381,724
1685,1550,9381,724
1686,1550,9381,6895
1687,1550,9381,10514
1688,1551,9381,6895
1689,1551,9381,10514
1690,1551,9381,724
1691,1552,9381,724
1692,1552,9381,6895
1693,1552,9381,10514
1694,1553,9381,6895
1695,1553,9381,10514
1696,1553,9381,724
1697,1554,9381,724
1698,1554,9381,6895
1699,1554,9381,10514
1700,1555,9381,6895
1701,1555,9381,10514
1702,1555,9381,724
1703,1561,61021,3934
1704,1562,61021,3934
1705,1563,61021,3934
1706,1564,61021,3934
1707,1565,61021,3934
1708,1566,61021,3934
1709,1567,61021,9239
1710,1568,61021,9239
1711,1569,61021,9239
1712,1570,61021,9239
1713,1571,518,10456
1714,1571,518,10536
1715,1571,518,941
1716,1572,518,941
1717,1572,518,10536
1718,1572,518,10456
1719,1573,518,10536
1720,1573,518,10456
1721,1573,518,941
1722,1574,518,941
1723,1574,518,10536
1724,1574,518,10456
1725,1581,5231,10498
1726,1581,95064,1781
1727,1582,95080,9178
1728,1582,95064,1781
1729,1583,5223,9032
1730,1583,23007,9575
1731,1583,95493,7298
1732,1583,5224,10525
1733,1583,5226,8728
1734,1583,5223,8725
1736,1584,5223,8725
1737,1585,5225,10499
1738,1585,5223,9032
1739,1586,95027,9273
1741,1587,65017,3897
1742,1587,5759,4279
1743,1588,65017,3897
1744,1588,5759,4279
1745,1589,5225,10499
1746,1589,5759,4279
1748,1590,65017,4680
1749,1591,65017,4681
1750,1592,65017,3897
1751,1593,65017,3897
1752,1594,65017,3897
1753,1595,65017,3897
1754,1596,65017,3897
1755,1597,65017,3897
1756,1598,65017,3897
1757,1599,65017,3897
1758,1600,65017,3897
1759,1601,65017,3897
1760,1602,65017,3897
1761,1603,65017,3897
1762,1604,65017,3897
1765,1605,65017,9216
1766,1606,65017,9212
1767,1607,65017,9211
1768,1608,65017,9211
1769,1609,65017,9212
1770,1610,65017,9212
1771,1611,65017,9212
1772,1612,65017,9212
1773,1613,65017,9212
1774,1614,65017,9220
1775,1615,5231,8733
1776,1616,5224,9018
1777,1616,5231,8733
1778,1616,5223,9037
1779,1617,5223,8725
1780,1618,5223,8725
1781,1619,5225,8729
1782,1620,5225,10499
1783,1620,65017,3897
1784,1620,5226,8728
1785,1627,5225,9074
1786,1627,5224,10525
1787,1627,5225,8729
1788,1628,65017,3897
1789,1629,65017,3897
1790,1630,5964,9225
1791,1630,5759,9248
1792,1630,65017,3897
1795,1640,95274,10489
1796,1641,95274,9266
1797,1642,95274,10487
1798,1642,85025,9262
1799,1643,5759,9248
1800,1643,65017,3897
1807,1648,5964,9232
1808,1648,65017,3897
1810,1649,5759,4279
1811,1650,5964,9227
1812,1650,5759,4279
1814,1652,95027,9275
1815,1652,3017,7945
1816,1652,5226,8728
1817,1653,5220,8722
1819,1655,5220,8722
1820,1656,5220,8722
1821,1658,85025,5372
1868,1680,5409,9064
1871,1681,2016,7247
1872,1682,2016,7247
1873,1683,2016,7247
1874,1684,2016,7247
1891,1693,2064,4142
1900,2080,95493,10150
1901,2081,95493,893
1911,2091,95309,2416
1912,2091,95309,9151
1913,2092,171,265
1914,2093,171,265
1915,2094,171,265
1916,2095,171,264
1917,2096,171,264
1918,2097,171,265
1919,2098,171,265
1920,2099,171,265
1921,2100,171,265
1922,2101,171,265
1923,2102,171,265
1924,2103,171,265
1925,2104,171,265
1926,2105,171,265
1927,2106,171,265
1928,2107,171,265
1929,2108,171,265
1930,2109,171,265
1931,2110,171,265
1932,2111,171,265
1933,2112,171,265
1934,2113,171,265
1935,2114,171,265
1936,2115,171,265
1937,2116,171,265
1938,2117,171,265
1939,2118,171,265
1940,2119,171,265
1941,2120,171,265
1942,2121,171,265
1943,2122,171,265
1944,2123,171,265
1945,2124,171,265
1946,2125,171,265
1947,2126,171,264
1948,2127,171,264
1949,2128,171,264
1950,2129,171,264
1951,2130,171,264
1952,2131,171,264
1953,2132,171,264
1954,2133,171,264
1955,2134,171,264
1956,2135,171,264
1957,2136,171,264
1958,2137,171,265
1961,84,21409,9088
1962,2141,5225,8727
1971,2151,95080,2392
1974,2152,95080,10511
1975,2153,95080,9162
1976,2154,95080,2392
1978,2155,95080,2392
1979,2156,95080,9156
1980,2157,95080,9156
1981,2158,95080,9156
1982,2159,95080,9156
1983,2160,95080,10511
1987,2163,95080,9159
1990,2164,95080,9159
1993,2165,95080,9159
1996,2166,95080,9159
1999,2167,95080,9159
2000,2168,95080,9159
2003,2169,95080,9159
2004,2170,95080,9159
2005,2171,95080,9178
2006,2172,95080,9159
2009,2173,95080,2392
2014,2176,95080,3381
2018,2177,95080,3381
2022,2178,95080,9176
2023,2179,95080,9176
2024,2180,95080,9176
2025,2182,95080,9176
2026,2183,95080,3381
2027,2184,95080,9176
2028,2185,95080,3381
2029,2186,95080,10511
2030,2187,95080,10511
2031,2188,95080,10511
2032,2189,95080,2392
2034,2190,95080,9163
2035,2191,95080,9163
2036,2192,95080,9170
2039,2195,95080,2392
2040,2196,95080,2392
2041,2197,95080,2392
2042,2198,95080,2392
2043,2199,95080,9170
2044,2200,95080,2392
2045,2201,95080,2392
2046,2202,95080,2392
2047,2203,95080,2392
2048,2204,95080,2392
2049,2205,95080,2392
2050,2206,95080,2392
2051,2207,95080,2392
2052,2208,95080,2392
2053,2209,95080,9162
2054,2210,95080,2392
2057,2212,182,285
2058,2213,182,285
2059,2214,182,285
2060,2215,182,285
2061,2216,182,285
2062,2217,182,285
2063,2218,182,285
2064,2219,182,285
2065,2220,182,285
2066,2221,182,285
2067,2222,182,285
2068,2223,182,285
2069,2224,182,285
2070,2225,182,285
2071,2226,182,285
2072,2227,182,285
2073,2228,182,285
2074,2229,182,285
2075,2230,182,285
2076,2231,182,285
2077,2232,182,285
2078,2233,182,285
2079,2234,182,285
2080,2235,182,285
2081,2236,182,285
2082,2237,182,285
2083,2238,182,285
2084,2239,182,285
2085,2240,182,285
2086,2241,182,285
2087,2242,182,285
2088,2243,182,285
2089,2244,182,285
2090,2245,182,285
2091,2246,182,285
2092,2247,182,285
2093,2248,182,285
2094,2249,182,285
2095,2250,182,285
2096,2251,182,285
2097,2252,182,285
2098,2253,182,285
2099,2254,182,285
2100,2255,182,285
2101,2256,182,285
2102,2257,182,285
2103,2258,182,285
2104,2259,182,285
2105,2260,182,285
2106,2261,182,285
2107,2262,182,285
2108,2263,182,285
2109,2264,182,285
2110,2265,182,285
2111,2266,182,285
2112,2267,182,285
2113,2268,182,285
2114,2269,182,285
2115,2270,182,285
2116,2271,182,285
2117,2272,182,285
2118,2273,182,285
2119,2274,182,285
2120,2275,182,285
2121,2276,182,285
2122,2277,182,285
2123,2278,182,285
2124,2279,182,285
2125,2280,182,285
2126,2281,182,285
2127,2282,182,285
2128,2283,182,285
2129,2284,182,285
2130,2285,182,285
2131,2286,182,285
2132,2287,182,285
2133,2288,182,285
2134,2289,182,285
2135,2290,182,285
2136,2291,182,285
2137,2292,182,285
2138,2293,182,285
2139,2294,182,285
2140,2295,182,285
2141,2296,182,285
2142,2297,182,285
2143,2298,182,285
2144,2299,182,285
2145,2300,182,285
2146,2301,182,285
2147,2302,182,285
2148,2303,182,285
2149,2304,182,285
2150,2305,182,285
2151,2306,182,285
2152,2307,182,285
2153,2308,182,285
2154,2309,182,285
2155,2310,182,285
2156,2311,182,285
2157,2312,182,285
2158,2313,182,285
2159,2314,182,285
2160,2315,182,285
2161,2316,182,285
2162,2317,182,285
2163,2318,182,285
2164,2319,182,285
2165,2320,182,285
2166,2321,182,285
2167,2322,182,285
2168,2323,182,285
2169,2324,182,285
2170,2325,182,285
2171,2326,182,285
2172,2327,182,285
2173,2328,182,285
2174,2329,182,285
2175,2330,182,285
2176,2331,182,285
2177,2332,182,285
2178,2333,182,285
2179,2334,182,285
2180,2335,2066,4146
2181,2336,2066,4146
2182,2337,2066,4146
2183,2338,2066,4146
2184,2339,2066,4146
2185,2340,2066,4146
2186,2341,2066,4146
2187,2342,2066,4146
2188,2343,2066,4146
2189,2344,2066,4146
2190,2345,2066,4146
2191,2346,2066,4146
2192,2347,2066,4146
2193,2348,2066,4146
2194,2349,2066,4146
2195,2350,2066,4146
2196,2351,2066,4146
2197,2352,2066,4146
2198,2353,2066,4146
2199,2354,2066,4146
2200,2355,2066,4146
2202,2357,2066,4146
2203,2358,2066,4146
2204,2359,2066,4146
2205,2360,2066,4146
2206,2361,2066,4146
2207,2362,2066,4146
2208,2363,2066,4146
2209,2364,2066,4146
2210,2366,2066,4146
2211,2367,2066,4146
2212,2368,2066,4146
2213,2369,2066,4146
2214,2370,2066,4146
2215,2371,2066,4146
2216,2372,2066,4146
2217,2373,2066,4146
2218,2374,2066,4146
2219,2375,2066,4146
2220,2376,2066,4146
2221,2377,2066,4146
2222,2378,2066,4146
2223,2379,2066,4146
2224,2380,2066,4146
2225,2381,2066,4146
2226,2382,2066,4146
2227,2383,2066,4146
2228,2384,2066,4146
2229,2385,2066,4146
2230,2386,2066,4146
2231,606,5220,10490
2232,2391,5226,8728
2233,2392,5226,8728
2234,444,5223,9032
2263,1714,5224,10525
2264,1714,5226,8728
2269,1717,5224,10525
2273,1719,5224,10525
2274,1719,5226,8728
2275,1720,5220,8722
2276,1720,5224,10525
2277,1721,5224,10525
2278,1721,5225,9074
2279,1722,5223,9906
2280,1722,5224,10525
2281,1722,5225,8727
2282,1722,5226,8728
2283,1722,5231,8733
2284,1723,5224,9018
2285,1723,5225,10499
2286,1724,5223,9037
2288,1725,5223,8725
2289,1725,5224,10525
2290,1725,5225,10499
2291,1725,5226,8728
2292,1725,5231,8733
2293,1726,5220,8722
2294,1726,5223,8725
2295,1726,5224,10525
2296,1726,5225,10499
2297,1726,5226,8728
2298,1726,5231,8733
2299,1727,5224,10525
2300,1727,5226,8728
2301,2401,22006,807
2302,2402,22006,807
2303,2403,22006,807
2304,2404,22006,988
2305,2405,22006,988
2306,2406,22006,988
2307,2407,22006,988
2309,2408,22006,988
2311,2409,22006,988
2312,2410,22006,988
2313,2411,22006,988
2314,2412,22006,988
2315,2413,22006,807
2316,2413,5220,8722
2317,2414,22006,988
2319,2415,22006,988
2320,2415,5224,8731
2321,2415,5224,10525
2322,2415,5223,8725
2323,2416,753,10503
2324,2417,753,10503
2325,2418,753,10503
2326,2419,753,10503
2327,2420,753,10503
2328,2421,753,10503
2329,2422,753,10503
2331,2424,753,10503
2332,2425,753,10503
2333,2426,753,10503
2335,2428,753,10503
2336,2429,753,10503
2337,2430,753,10503
2338,2431,753,10503
2339,2432,753,10503
2340,2433,753,10503
2341,2434,753,10503
2342,2435,753,10503
2343,2436,753,10503
2344,2437,753,10503
2345,2438,753,10503
2346,2439,753,10503
2347,2440,753,10503
2348,2441,753,10503
2349,2442,753,10503
2350,2443,753,10503
2351,2443,5224,10525
2352,2444,753,10503
2353,2444,5224,10525
2354,2445,753,10503
2355,2445,5224,10525
2356,2446,753,10503
2357,2446,5224,10525
2358,2447,753,10503
2359,2447,5224,10525
2361,2451,5224,8731
2362,2452,5224,8731
2365,2455,5224,8731
2367,2457,5224,8731
2368,2458,5224,8731
2369,2459,5224,8731
2370,2460,5224,8731
2371,2461,5224,8731
2372,2462,5224,8731
2374,2464,5224,10506
2375,2465,5224,10506
2376,2466,21409,55
2381,2471,65017,4681
2382,2472,65017,4680
2383,2473,65017,4681
2384,2474,95064,3388
2385,2475,95064,9205
2386,2476,95064,9205
2387,2477,95064,10494
2388,2478,95064,2695
2389,2479,95064,9205
2390,2480,95064,9205
2391,2481,95064,9206
2392,2482,95064,9205
2393,2483,95064,2353
2394,2484,95064,9202
2395,2485,95064,10495
2396,2486,95064,3388
2397,2487,95064,9206
2398,2488,95064,9206
2399,2489,95064,3388
2400,2490,95064,9206
2401,2491,95064,9206
2402,2492,5759,9247
2403,2493,5759,10497
2404,2494,5759,9247
2405,2495,5759,10497
2406,2496,21409,9088
2407,2497,5964,9233
2408,2498,5964,9234
2411,2501,95080,9181
2412,2502,95080,10511
2413,2503,95080,9168
2414,2504,95080,9180
2415,2505,95080,9168
2416,2506,95080,9180
2417,2507,95080,9168
2418,2508,95080,9180
2419,2509,95080,9168
2420,2510,95080,9180
2421,2511,95080,9168
2422,2512,95080,9180
2423,2513,95080,9168
2424,2514,95080,9180
2425,2515,95080,9168
2426,2516,95080,9178
2427,2517,95080,9168
2430,2519,95080,9157
2431,2520,95080,9176
2433,2522,95080,9157
2434,2523,95080,9176
2436,2525,95080,10511
2437,2526,95493,9114
2438,2527,95493,9114
2439,2528,95493,9114
2440,2529,95493,9114
2441,2530,95493,9114
2442,2531,95493,9114
2443,2532,95493,9114
2444,2533,95493,9114
2445,2534,95493,9114
2446,2535,95274,10488
2447,2536,95274,10488
2448,2537,95274,9277
2449,2538,95274,9277
2450,2539,95274,9277
2451,2540,95274,5945
2452,2541,95274,10488
2453,2542,95274,9277
2454,2543,95274,9277
2455,2543,95274,10488
2456,2544,95274,5945
2457,2545,95274,9266
2461,1637,22003,304
2462,1635,22003,304
2463,1634,22003,304
2464,1636,22003,304
2465,2518,95080,9159
2471,2551,22005,9117
2472,2552,22005,9117
2473,2553,95080,10511
2474,2554,95080,9178
2481,1649,5964,9221
2482,1639,95274,9279
2491,2561,23007,9575
2492,1639,95080,9181
2501,1729,5223,8725
2502,1729,5224,10525
2503,1729,5225,10499
2504,1729,5231,8733
2505,1728,5223,8725
2506,1728,5231,8733
2507,2571,5231,10498
2508,239,5224,10525
2509,2573,5224,9018
2511,2581,5224,8731
2512,2582,5224,8731
2513,1723,5223,9037
2514,2583,55010,2384
2515,1013,55010,2384
2516,1014,55010,2361
2517,1015,55010,2361
2518,1016,55010,2361
2519,1017,55010,2361
2520,1018,55010,2359
2521,1019,55010,2359
2523,1022,55010,2359
2524,2584,55010,2359
2525,1024,55010,2359
2526,2585,55010,2359
2527,2586,55010,2359
2529,2587,55010,2359
2530,1029,55010,2389
2531,1638,55010,2389
2532,1030,55010,2389
2533,1031,55010,2389
2534,1032,55010,2389
2535,1033,55010,2389
2536,1034,55010,2389
2537,1035,55010,2389
2538,1020,55010,10552
2539,1021,55010,10552
2540,1023,55010,10552
2541,1025,55010,10552
2542,1026,55010,10552
2543,1027,55010,10552
2544,1028,55010,10552
2545,979,22004,9905
2546,980,22004,9905
2547,981,22004,9905
2548,982,22004,9905
2549,983,22004,9905
2550,984,22004,9905
2551,985,22004,9905
2552,943,22004,9126
2553,944,22004,9126
2554,945,22004,9126
2555,946,22004,9126
2556,947,22004,9126
2557,948,22004,9126
2558,949,22004,9126
2559,950,22004,9126
2560,953,22004,9126
2561,954,22004,9126
2562,951,22004,495
2563,955,22004,495
2564,959,22004,495
2565,957,22004,947
2566,958,22004,947
2567,963,22004,947
2568,977,22004,947
2569,978,22004,947
2570,974,22004,495
2571,974,22004,956
2572,942,22004,956
2573,952,22004,956
2574,972,22004,956
2575,973,22004,956
2576,975,22004,956
2577,976,22004,956
2578,962,22004,9120
2579,964,22004,9120
2580,965,22004,9120
2581,966,22004,9120
2582,967,22004,9120
2583,968,22004,9120
2584,969,22004,9120
2585,970,22004,9120
2586,971,22004,9120
2587,2588,22004,10486
2588,2589,22004,10486
2589,960,22004,9120
2590,961,22004,9120
2591,2591,5224,10525
2592,2592,5224,10525
2601,2961,5231,8733
2603,2963,171,265
2604,1730,5224,8731
2605,1730,55010,2389
2606,1730,95064,1781
2607,1730,95080,2392
2608,2964,3017,7945
2609,1987,5231,8733
2610,1928,5231,8733
2611,1979,5231,8733
2612,1978,5231,8733
2613,1976,5231,8733
2614,1935,5231,8733
2615,1914,5231,8733
2616,1929,5231,8733
2617,1951,5231,8733
2618,1996,5231,8733
2619,1910,5231,8733
2620,1900,5231,8733
2621,2071,5231,8733
2622,1917,5231,8733
2623,1898,5231,8733
2624,1936,5231,8733
2625,2965,5231,8733
2626,2966,5231,8733
2627,2967,5231,8733
2628,2968,5231,8733
2629,2969,5231,8733
2630,2970,5231,8733
2631,2971,5231,8733
2632,2972,5231,8733
2633,2973,5231,8733
2634,2974,5231,8733
2635,2975,5231,8733
2636,2976,5231,8733
2637,2977,5231,8733
2638,2978,5231,8733
2639,2979,5231,8733
2640,2980,5231,8733
2641,2981,5231,8733
2642,2982,5231,8733
2643,2983,5231,8733
2644,2984,5231,8733
2645,2985,5231,8733
2646,2986,5231,8733
2647,2987,5231,8733
2648,2988,5231,8733
2649,2989,5231,8733
2650,2990,5231,8733
2651,1730,5231,8733
2652,1730,5231,10498
2654,2992,5223,8725
2655,2992,5223,9032
2656,2992,5223,9037
2657,2993,5223,10502
2658,2994,5223,10502
2661,3001,5224,9018
2663,3002,5224,10525
2664,3003,5224,10505
2665,3004,5224,8731
2666,3005,381,721
2667,3005,9381,10514
2671,3011,5223,8725
2672,3011,5223,9032
2673,3012,2016,7247
2674,3013,2016,7247
2675,3014,95309,9151
2676,3015,95309,9151
2677,3016,95309,2416
2678,3017,95309,2416
2679,3018,95309,2416
2680,3019,95309,2416
2681,3020,95309,2416
2682,3021,95309,2416
2683,3022,95309,2416
2684,3023,95309,2416
2685,3024,95309,2416
2686,3025,95309,2416
2687,3026,95309,2416
2688,3027,95309,2416
2689,3028,95309,2416
2690,3029,95309,2416
2691,3030,95309,2416
2692,3031,95309,2416
2693,3032,95309,2416
2694,3033,95309,2416
2695,3034,95309,2416
2696,3035,95309,2416
2697,3036,95309,2416
2698,3037,95309,2416
2699,3038,95309,2416
2700,3039,95309,2416
2701,3040,95309,2416
2702,3041,95309,2416
2703,3042,95309,2416
2704,3043,95309,2416
2705,3044,95309,2416
2706,3045,95309,2416
2707,3046,95309,2416
2708,3047,95309,2416
2709,47,95027,9273
2710,48,95027,9273
2711,49,95027,9273
2712,50,95027,9273
2713,1098,95064,2353
2714,3048,95309,2416
2715,3049,95309,2416
2716,3050,95309,2416
2717,3051,95309,2416
2718,3052,95309,2416
2719,3053,95309,2416
2720,3054,95309,2416
2721,3055,95309,2416
2722,3056,95309,2416
2723,3057,95309,2416
2724,3058,95309,2416
2725,3059,95309,2416
2726,3060,95309,2416
2727,3061,95309,2416
2728,3062,95309,2416
2729,3063,95309,2416
2731,3065,95309,9151
2732,3064,95309,9151
2733,1057,94030,10553
2734,1058,94030,10553
2735,1059,94030,10553
2736,1060,94030,10553
2737,1061,94030,10553
2738,1586,94030,10553
2739,1056,94030,10553
2740,3066,5223,8725
2741,3,5964,9221
2742,3071,95309,2416
2743,3072,5226,8728
2744,3073,5226,8728
2745,3074,5226,8728
2746,1731,5224,10525
2747,1731,5226,8728
2748,1659,5759,9253
2750,3078,21409,9088
2751,3081,21008,259
2752,3082,21008,259
2753,3084,5224,8731
2754,3085,95080,10511
2755,3086,95080,10511
2756,3087,95080,9181
2757,3088,95080,9162
2758,3089,95080,2392
2759,3090,21008,259
2760,3091,9381,10514
2761,3092,5226,8728
2762,3093,2016,7247
2763,3093,5225,8727
2771,3131,2066,4146
2772,3132,2066,4146
2781,1780,5759,4279
2782,1764,5964,9233
2783,1880,5964,9233
2784,1880,5964,9234
2790,3146,5964,9221
2791,3146,5964,9231
2801,3151,5225,8729
2802,3151,65017,9211
2803,3152,5225,8729
2804,3152,65017,9211
2805,3151,5223,9906
2806,3152,5223,9906
2811,1622,5225,10499
2812,1622,5226,8728
2813,3161,5225,10499
2814,3161,5226,8728
2822,2852,1737,3456
2823,3074,5224,10525
2824,3074,5225,8729
2825,3073,5224,10525
2826,3073,5225,8729
2827,3073,5225,10499
2828,3171,5226,8728
2829,3171,5224,10525
2830,3171,5225,8729
2831,3171,5225,9074
2832,3172,5226,8728
2833,3172,5224,10525
2834,3172,5225,8729
2841,1194,95493,10589
2851,872,5759,9253
2861,102,1694,3352
2862,103,1694,3352
2863,104,1694,3352
2864,105,1694,3352
2865,106,1694,3352
2866,107,1694,3352
2871,3181,95493,9903
2881,2169,95080,2392
2882,2170,95080,2392
2883,3201,95080,9159
2885,3203,95080,9180
2886,3204,65017,9211
2887,3205,95493,9115
2888,3206,22003,343
2889,3207,22003,304
2890,3208,22003,304
2891,3209,22003,304
2892,3210,22003,343
2893,3211,55010,2359
2901,3221,95064,1393
2902,3222,95064,1393
2911,3231,95274,9264
2912,3232,95274,9279
2922,3242,181,8100
2923,3243,182,285
2924,3244,1716,8087
2925,3245,5409,9064
2931,1651,23007,9648
2941,1079,95064,10495
2951,3261,5231,8733
2961,3271,95493,9113
2962,3271,21008,259
2971,26,5964,10619
2972,27,5964,10619
2973,28,5964,10619
2974,29,5964,10619
2975,30,5964,10619
2976,31,5964,10619
2977,32,5964,10619
2978,35,5964,10619
2979,36,5964,10619
2980,38,5964,10619
2981,41,5964,10619
2982,42,5964,10619
2984,3141,5964,10619
2985,3142,5964,10619
2986,3143,5964,10619
2987,3144,5964,10619
2988,2175,95080,10511
2989,2193,95080,10511
2990,2194,95080,10511
2991,3077,5224,9018
2992,3281,5224,10525
2993,1717,5226,8728
3001,3291,5223,8725
3002,3311,5223,10502
3003,3327,5225,10499
3011,3352,5226,8728
3012,3351,5225,8727
3013,3353,5225,8727
3014,3354,5225,8727
3015,3355,5223,8725
3016,3355,5226,8728
3017,3356,95080,10511
3018,3357,189,584
3019,3358,924,1686
3020,3360,1510,6621
3021,3362,3233,959
3022,3363,5964,9221
3023,3364,21008,259
3024,3365,95027,9271
3025,3366,95064,2353
3026,3367,5223,8725
3027,3367,5225,10499
3028,3367,5226,8728
3029,3367,5224,10525
3030,3367,5220,8722
3031,2176,95080,10512
3032,2177,95080,10512
3033,3368,95080,9156
3034,3369,94030,5944
3035,3370,95064,10495
3036,3371,21409,55
3037,3372,21409,9088
3038,3373,95080,9156
3039,3374,94030,5944
3040,3375,61021,3934
3041,3376,65017,4681
3042,3377,22005,9116
3043,3377,3233,959
3044,3378,5225,8727
3045,3379,5224,10525
3046,3379,5225,10499
3047,3380,5224,10525
3048,3381,3012,5975
3050,3383,5225,10499
3051,3384,5759,9247
3052,3384,5225,8727
3053,3385,23007,9648
3054,3385,5223,9037
3055,3386,5964,10619
3056,3387,5226,8728
3057,3388,5225,10499
3058,3389,5225,10499
3059,3390,5225,10499
3060,3391,5224,10525
3061,3392,95064,9205
3062,3393,95080,9163
3063,3393,95064,9205
3064,3394,95493,9111
3065,3394,95493,9903
3067,3396,95493,9111
3069,3398,55010,2389
3070,3398,95080,9162
3071,3399,21008,224
3072,3400,518,941
3073,3400,181,8100
3074,3401,381,10515
3075,3402,181,8100
3076,3402,5223,8725
3077,3403,3017,7945
3078,3403,95274,10489
3079,3404,182,285
3080,3405,181,8100
3081,3405,171,265
3082,3405,5223,8725
3083,3405,182,285
3084,3406,5226,8728
3085,3407,5224,10525
3086,3408,5409,9064
3087,3408,182,285
3088,3408,9381,6895
3089,3409,95309,2416
3090,3409,1716,8087
3091,3410,22005,9117
3092,3411,5964,10619
3093,3412,5759,9253
3094,3412,5964,10619
3096,3413,23007,9648
3097,3413,22004,495
3098,3413,22004,947
3099,3413,22004,956
3100,3414,23007,9648
3101,3414,22004,495
3102,3414,22004,947
3103,3414,22004,956
3104,3415,95064,10494
3105,3423,5224,10525
3106,3425,5759,4279
3107,3425,5964,9221
3111,794,5225,10499
3112,3432,5223,9032
3113,3432,5223,9037
3114,2991,5231,10498
3115,1664,381,10515
3116,3434,23007,9648
3121,3442,5226,8728
3131,3451,95027,9273
3141,3380,5220,8722
3151,3395,85025,9262
3161,3461,5231,10498
3162,3462,5231,8733
3171,3471,5220,8722
3180,3480,5220,8722
3181,3416,22006,10620
3182,3417,22006,10620
3183,3418,22006,10620
3184,3422,22006,10620
3185,3421,22006,10620
3186,3419,22006,10620
3187,3420,22006,10620
3191,2628,918,1674
3192,2868,918,1674
3193,2844,918,1674
3194,2715,918,1674
3195,2643,918,1674
3196,2598,163,255
3197,2764,163,255
3198,2794,163,255
3199,2656,163,255
3200,2797,1539,3098
3201,2779,1539,3098
3202,2685,3179,1337
3203,2792,3179,1337
3204,2803,3179,1337
3205,2938,979,1840
3207,2936,979,1840
3209,2825,979,1840
3211,2804,979,1840
3213,2607,979,1840
3221,3481,22004,495
3222,3482,22004,495
3223,3483,22004,495
3224,3484,22004,495
3225,3485,22004,495
3226,2807,353,666
3228,3487,22004,9126
3231,1621,5225,10499
3232,1624,5225,10499
3233,1625,5225,10499
3234,1626,5225,8729
3235,405,5223,9037
3236,1732,5226,8728
3237,97,21409,55
3238,90,21409,55
3239,91,21409,55
3240,1657,22004,9120
3241,882,5759,9253
3244,1633,21008,224
3245,3083,21008,259
3246,1663,381,10515
3248,1408,95309,9151
3249,2388,2066,9149
3250,2387,2066,9149
3251,2365,2066,4146
3261,3491,5964,10619
3262,3492,22005,9118
3263,3493,95064,3388
3264,3494,95274,5945
3265,3495,5759,8189
3266,3496,95493,7298
3267,3497,95080,9163
3268,3498,95080,9170
3269,3499,55010,2389
3270,3500,61021,9242
3271,3501,5759,9250
3272,3502,94030,8863
3273,3503,95064,1393
3274,3504,95080,10511
3275,3505,65017,9212
3276,3506,65017,9211
3277,3507,95064,9205
3278,3508,5759,9253
3279,3509,95064,1393
3280,3510,22004,947
3281,3511,61021,9241
3282,3512,95080,2392
3283,3513,85025,9262
3284,3514,85025,9262
3285,3515,95080,9170
3286,3516,22005,9118
3287,3517,95064,9205
3288,3518,95274,10487
3289,3519,95274,9266
3290,3520,5759,9253
3291,3521,23007,10492
3292,3522,21008,224
3293,3523,61021,9242
3294,3524,95027,9275
3295,3525,5759,8189
3296,3526,55010,2389
3297,3527,2064,4142
3301,3541,21409,55
3302,3542,61021,3934
3303,3543,65017,4681
3304,3544,94030,5944
3305,3545,95064,10495
3306,3546,95080,9156
3321,3561,753,10503
3331,3571,5225,10499
3332,3572,5225,10499
3333,3573,5225,10499
3334,3574,5225,10499
3335,3575,5225,10499
3336,2825,95080,10511
3341,2657,956,1778
3342,2658,2032,4017
3343,2659,1217,2391
3344,2668,1135,2232
3345,2669,1146,2253
3346,2670,1195,2338
3347,2671,2051,6357
3348,2672,1287,2561
3349,2660,2468,4967
3350,2661,3233,959
3351,2662,41,66
3352,2663,1220,2396
3353,2664,2050,4055
3354,2665,3006,5965
3355,2666,646,1149
3356,2667,714,1266
3357,2673,1510,6621
3358,2674,3233,959
3359,2675,189,584
3360,2676,924,1686
3361,2677,1220,2396
3362,2678,1737,3454
3363,2679,158,248
3364,2680,924,1686
3365,3581,1220,2396
3366,2682,2047,7296
3367,2683,1217,2391
3368,2684,2975,5912
3369,2686,164,550
3370,2687,192,562
3371,2688,158,248
3372,2689,216,344
3373,2690,928,7301
3374,2691,981,1847
3375,2692,1220,2396
3376,2693,2160,6367
3377,2694,1782,3549
3378,2695,2048,4048
3379,2696,2597,5193
3380,2697,1596,3190
3381,2698,3006,5965
3382,2699,3011,5974
3383,2700,1637,3268
3384,2701,2357,6382
3385,2702,2420,4870
3386,2703,714,1266
3387,2767,189,584
3388,2768,162,254
3389,2769,1220,2396
3390,2770,233,6387
3391,2771,2047,7296
3392,2772,3006,5965
3393,2773,2975,5912
3394,2774,483,896
3395,2704,2468,4967
3396,2705,3200,6557
3397,2706,3233,959
3398,2707,164,550
3399,2708,167,516
3400,2709,189,584
3401,2710,192,562
3402,2711,168,574
3403,2712,156,598
3404,2713,158,248
3405,2714,216,344
3406,2716,924,1686
3407,2717,1220,2396
3408,2718,1135,2232
3409,2719,2160,6367
3410,2720,1903,3773
3411,2721,1195,2338
3412,2722,1422,2859
3413,2723,1737,3454
3414,2724,2713,5378
3415,2725,2047,7296
3416,2726,2150,4310
3417,2727,2597,5193
3418,2728,1217,2391
3419,2729,1596,3190
3420,2730,1345,2694
3421,2731,3006,5965
3422,2732,2975,5912
3423,2733,646,1149
3424,2734,1637,3268
3425,2735,1607,3208
3426,2736,1471,2961
3427,2737,1571,3142
3428,2738,1704,3366
3429,2739,483,896
3430,2740,2357,6382
3431,2741,2420,4870
3432,2742,714,1266
3433,2743,233,6387
3434,2744,1220,2396
3435,3582,166,257
3436,2747,1217,2391
3437,3583,1220,2396
3438,2775,1510,6621
3439,2776,349,659
3440,2777,924,1686
3441,2778,1220,2396
3442,2780,2975,5912
3443,2781,3147,5990
3444,2782,483,896
3445,2748,1510,6621
3446,2749,3233,959
3447,2750,158,248
3448,2751,216,344
3449,2752,924,1686
3450,2753,981,1847
3451,2754,1220,2396
3452,2755,1375,2764
3453,2756,2150,4310
3454,2757,2975,5912
3455,2758,714,1266
3456,2759,164,550
3457,2760,189,584
3458,2761,192,562
3459,2762,1220,2396
3460,2763,2975,5912
3461,2765,2975,5912
3462,2766,3012,5975
3463,2793,2469,4970
3464,2795,956,1778
3465,2796,1220,2396
3466,2798,1146,2253
3467,2799,2051,6357
3468,2800,2032,4017
3469,2801,3012,5975
3470,2802,646,1149
3471,2805,1704,3366
3472,3584,979,10592
3473,2810,521,946
3474,2811,956,1778
3475,2812,1220,2396
3476,2813,2032,4017
3477,2822,292,477
3478,2823,2051,6357
3479,2824,2032,4017
3480,2836,2468,4967
3481,2837,3233,959
3482,2838,167,516
3483,2839,189,584
3484,2840,168,574
3485,2841,156,598
3486,2842,158,248
3487,2843,216,344
3488,2845,924,1686
3489,2846,1220,2396
3490,2847,1481,2983
3491,2848,1375,2764
3492,2849,233,6387
3493,2850,2160,6367
3494,2851,1422,2859
3495,2853,2047,7296
3496,2854,2150,4310
3497,2855,2021,3972
3498,2856,2597,5193
3499,2857,1217,2391
3500,2858,1345,2694
3501,2859,3006,5965
3502,2860,2975,5912
3503,2861,1637,3268
3504,2862,1471,2961
3505,2863,483,896
3506,2865,1287,2561
3507,2866,714,1266
3508,2833,1217,2391
3509,2826,915,1668
3510,2827,2023,3980
3511,2828,3146,787
3512,2829,2023,3980
3513,2830,915,1668
3514,2831,3011,5974
3515,2832,483,896
3516,2867,1471,2961
3517,2886,1217,2391
3518,2887,915,1668
3519,2888,3197,53
3520,2889,1220,2396
3521,2890,1422,2859
3522,2891,915,1668
3523,2892,2023,3980
3524,2893,3011,5974
3525,2898,3200,6557
3526,2899,371,704
3527,2900,151,242
3528,2901,3146,787
3529,2902,915,1668
3530,2903,1135,2232
3531,2904,2015,3959
3532,2905,2010,3948
3533,2906,1596,3190
3534,2907,3006,5965
3535,2908,483,896
3536,2834,159,251
3537,2835,1287,2561
3538,2869,915,1668
3539,2870,1422,2859
3540,2871,2150,4310
3541,2872,2023,3980
3542,2873,2021,3972
3543,2874,3006,5965
3544,2875,1637,3268
3545,2876,483,896
3546,2877,2343,4694
3547,2814,2468,4967
3548,2815,3146,787
3549,2816,915,1668
3550,2817,2160,6367
3551,2818,1422,2859
3552,2819,2150,4310
3553,2820,483,896
3554,2878,151,242
3555,2879,915,1668
3556,2880,1220,2396
3557,2881,1375,2764
3558,2882,2150,4310
3559,2913,1220,2396
3560,2894,371,704
3561,2895,151,242
3562,2896,2015,3959
3563,2897,2150,4310
3564,2914,371,704
3565,2922,915,1668
3566,2923,483,896
3567,2919,915,1668
3568,2920,2021,3972
3569,2921,483,896
3570,2917,915,1668
3571,2918,483,896
3572,2790,1220,2396
3573,2791,3012,5975
3574,2883,915,1668
3575,2884,2021,3972
3576,2885,483,896
3577,2909,2150,4310
3578,2910,2021,3972
3579,2911,646,1149
3580,2912,483,896
3581,2808,292,477
3582,2809,1903,3773
3583,2784,189,584
3584,2785,1135,2232
3585,2786,1195,2338
3586,2787,3011,5974
3587,2788,2975,5912
3588,2789,1287,2561
3589,2606,3147,5990
3590,2608,3233,959
3591,2609,41,66
3592,2610,1220,2396
3593,2611,41,66
3594,2612,1782,3549
3595,2613,41,66
3596,2614,3012,5975
3597,2615,3233,959
3598,2616,158,248
3599,2617,1220,2396
3600,2618,2150,4310
3601,2619,2975,5912
3602,2620,714,1266
3603,2624,2468,4967
3604,2625,167,516
3605,2626,151,242
3606,2627,41,66
3607,2629,1375,2764
3608,2630,2160,6367
3609,2631,1782,3549
3610,2632,2032,4017
3611,2633,2150,4310
3612,2634,2021,3972
3613,2635,1217,2391
3614,2636,3011,5974
3615,2637,646,1149
3616,2638,2343,4694
3617,2639,714,1266
3618,2640,2468,4967
3619,2641,167,516
3620,2642,151,242
3621,2644,1375,2764
3622,2645,2160,6367
3623,2646,1782,3549
3624,2647,2032,4017
3625,2648,2150,4310
3626,2649,2021,3972
3627,2650,1217,2391
3628,2651,3006,5965
3629,2652,3011,5974
3630,2653,646,1149
3631,2654,483,896
3632,2655,714,1266
3633,2623,1220,2396
3634,2621,3197,53
3635,2622,483,896
3636,2597,2469,4970
3637,2599,956,1778
3638,2600,1220,2396
3639,2601,1422,2859
3640,2602,1737,3454
3641,2603,2032,4017
3642,2604,1217,2391
3643,2605,3012,5975
3644,2593,2010,3948
3645,2594,1217,2391
3646,2595,3006,5965
3647,2596,483,896
3648,2948,162,254
3649,2949,956,1778
3650,2950,2713,5378
3651,2951,2032,4017
3652,2952,1704,3366
3653,2953,521,946
3654,2933,1220,2396
3655,2934,2051,6357
3656,2935,3012,5975
3657,2943,41,66
3658,2944,1135,2232
3659,2945,2051,6357
3660,2946,2150,4310
3661,2939,2051,6357
3662,3585,3012,5975
3663,2925,167,516
3664,2926,189,584
3665,2927,2047,7296
3666,2928,2150,4310
3667,2929,2975,5912
3668,2937,189,584
3669,2941,2051,6357
3670,3586,2032,4017
3671,2930,3233,959
3672,2931,2150,4310
3673,2932,2975,5912
3674,2954,41,66
3675,2955,2023,3980
3676,2956,1471,2961
3677,2947,3012,5975
3678,2745,1220,2396
3679,2746,2047,7296
3680,2915,371,704
3681,2916,1220,2396
3691,3591,95080,9163
3692,3592,95080,9176
3701,3601,5231,8733
3711,1631,21008,207
3712,1632,21008,207
3713,908,21008,230
3721,3611,5231,10498
3722,1644,5759,9247
3723,1646,5759,9247
3731,2806,2343,4694
3732,2864,2343,4694
3733,2821,2343,4694
3735,2942,3012,5975
3736,3359,1220,2396
3741,2924,371,725
3742,2681,1220,2396
3743,3361,1737,3454
3751,3621,5224,9018
3761,2161,95080,9180
3762,3202,95080,9168
3764,3631,22004,956
3771,996,23007,10492
3772,1008,23007,10692
3773,3641,23007,10692
3781,3651,5226,8728
3782,3651,5224,9018
3791,1175,95493,9113
3801,3661,5231,10498
3802,3662,5220,8722
3811,3671,5231,10498
3812,3672,5231,8733
3832,3692,22003,304
3841,3701,181,8100
3871,1,5225,10499
3883,3721,5964,9233
3886,1,5231,8733
3891,3731,5225,9074
3892,3731,5964,9233
3893,3732,5225,9074
3894,3732,5964,9226
3895,3732,5964,9233
3896,3733,5225,8727
3897,3733,5225,9074
3898,3733,5964,9233
3899,3733,5964,10619
3903,3711,5964,9232
3904,3711,5964,9233
3905,3711,5964,9225
3906,3711,5225,8729
3910,3743,5225,8729
3911,3743,5964,9225
3912,3743,5964,9232
3913,3743,5964,9233
3914,3744,5225,8729
3915,3744,5964,9225
3916,3744,5964,9232
3917,3744,5964,9233
3918,3745,5964,10619
3919,3745,5220,8722
3920,3746,5225,8729
3921,3746,5964,9225
3922,3746,5964,9232
3923,3746,5964,9233
3924,3747,5225,8729
3925,3747,5964,9225
3926,3747,5964,9232
3927,3747,5964,9233
3931,317,5224,10504
3951,3771,5225,8729
3952,3771,5231,8733
